Item ID,Title,Price,Currency,Available Quantity,Description,Condition
MLA1947299402,Smart Tv LG 32 Pulgadas 32lq630bpsa Wifi Bluetooth Thinq Ai,469999,ARS,N/A,N/A,new
MLA2010094750,Smart Tv LG 43 Lm6350psb Hdr Full Hd Bluetooth Webos 4.0,614990,ARS,N/A,N/A,new
MLA1481966883,Smart Tv LG 55 Pulgadas 55ur8750psa Led 4k Uhd,1142399,ARS,N/A,N/A,new
MLA1453378430,Smart Tv LG Ai Thinq 60uq8050psb 4k 60,1144329,ARS,N/A,N/A,new
MLA1475189139,Smart Tv LG Stand-by-me 27 Pulgadas Pantalla Táctil Led Full Hd Webos,2454099,ARS,N/A,N/A,new
MLA1474861403,Smart Tv LG 32lq630bpsa 32 Hd Google Thinq Ai Comando Voz Led,308999,ARS,N/A,N/A,new
MLA1430541757,Smart Tv LG Smart Tv 43ur8750 Led Webos Uhd 4k 43 220v,1740099,ARS,N/A,N/A,new
MLA1424570699,Smart Tv 50 LG 50ur8750psa Uhd 4k Ai Thinq,999999,ARS,N/A,N/A,new
MLA1455280849,Smart Tv 50 LG 50ur8750psa Uhd 4k Ai Thinq,925599,ARS,N/A,N/A,new
MLA1447862179,Smart Tv De 55  LG Nanocell 4k 55nano77 Con Pantalla Led 4k,1349999,ARS,N/A,N/A,new
MLA1425982383,Smart Tv LG 55 Pulgadas Qned 4k Uhd Thinq Ai 55qned80sra,1899999,ARS,N/A,N/A,new
MLA1984898858,Tv Oled Smart 55p 4k Oled55c3psa LG,2849999,ARS,N/A,N/A,new
MLA1875412134,Smart Tv LG Qned 55 4k Con Thinq Ai 7,2222410.0,ARS,N/A,N/A,new
MLA1481824205,Smart Tv LG 65ur8750psa 4k Uhd 65 Pulgadas Magic Control,1699999,ARS,N/A,N/A,new
MLA1446111111,Smart Tv LG Nanocell 86 4k Ai Thinq 86nano77sra Webos,4457831,ARS,N/A,N/A,new
MLA1458059421,Televisor 55nano77sra 55'' Smart Nanocell Color Negro LG,1301321.63,ARS,N/A,N/A,new
MLA1430476333,Smart Tv LG 43 Pulgadas 43ur8750psa 4k Uhd Thinq Ai Webos 23,799999,ARS,N/A,N/A,new
MLA1965147158,Smart Tv LG 65 Pulgadas 65nano77sra 4k Nanocell Uhd,1395875,ARS,N/A,N/A,new
MLA1821403636,Smart Led Tv LG 50'' 4k Uhd 50ur8750psa Thinq Ai,633999,ARS,N/A,N/A,new
MLA1840367232,Smart Tv LG 70 Pulgadas Ai Thinq 4k Uhd Smart Tv,1754516,ARS,N/A,N/A,new
MLA1118496385,Smart Tv LG Ai Thinq 43lm6350psb Led Full Hd 43  220v,435999,ARS,N/A,N/A,new
MLA1425043869,Smart Tv LG 50 4k Uhd Thinq 50uq801 Conexión Wifi Usb Rca Av,787399.0,ARS,N/A,N/A,new
MLA1940854084,Televisor LG Nanocell 55'' 55nano77sra 4k Tv Uhd Tv Smart Tv,1282499,ARS,N/A,N/A,new
MLA1767302330,Smart Tv LG Ai Thinq 43lm6350psb Led Full Hd 43  220v,435999,ARS,N/A,N/A,new
MLA1474679321,Smart Tv LG 32lq630bpsa Hd 32 Pulgadas Full Hd Thinq Ai,308999,ARS,N/A,N/A,new
MLA1475222447,Smart Tv LG 55qned80 Uhd Smart Hdr,1332999,ARS,N/A,N/A,new
MLA1872095510,Smart Tv LG 43 Pulgadas 43ur8750psa 4k Uhd Thinq Ai Premium2,1440099,ARS,N/A,N/A,new
MLA1440667721,Smart Tv 43 LG 43ur8750psa Negro Uhd 4k Ai Thinq 110v/220v,699952,ARS,N/A,N/A,new
MLA2027478844,Televisor Inteligente LG Thinq Ai 50 4k 50uq801c0sbmh 110/220v,863749.0,ARS,N/A,N/A,new
MLA1971335244,Smart Tv LG Smart Tv 43ur8750 Led Webos Uhd 4k 43 220v,797828,ARS,N/A,N/A,new
MLA2009614010,Smart Tv LG 50ur8750 Uhd Smart Ips 4k,666999,ARS,N/A,N/A,new
MLA1519513348,Smart Tv De 55  LG Ai Thinq 55nano80 Con Pantalla Led 4k,1499999,ARS,N/A,N/A,new
MLA1388055111,Smart Tv LG Ai Thinq Oled55a1psa 4k 55 100v/240v,2322386.34,ARS,N/A,N/A,new
MLA1416736975,Smart Tv Led De 43 LG 43ur8750 Webos Uhd 4k Thinq Ai,589999,ARS,N/A,N/A,new
MLA1425082167,Televisor LG 50  4k Uhd Smart Tv 50uq801 Negro,729999,ARS,N/A,N/A,new
MLA1294644987,Smart Tv LG 32 Pulgadas 32lq630bpsa Wifi Bluetooth Thinq Ai,480999,ARS,N/A,N/A,new
MLA1435846588,Smart Tv Uhd 4k 60 LG 60un7310,1307999,ARS,N/A,N/A,new
MLA1767184392,Smart Tv LG Ai Thinq 43lm6350psb Led Full Hd 43  220v,435999,ARS,N/A,N/A,new
MLA1100501550,Smart Tv LG Ai Thinq Led Full Hd 43 Pulgadas,689999,ARS,N/A,N/A,new
MLA1951017370,Smart Tv De 43  LG Ur8750 43ur8750psa Con Pantalla Led 4k,724098.7,ARS,N/A,N/A,new
MLA2005690128,Smart Tv Oled Evo LG 77' Oled77g4psa 4k Ultra Hd Thinq Ai,9944999.1,ARS,N/A,N/A,new
MLA1474693795,Smart Tv LG 32lq630bpsa Hd 32 Pulgadas Full Hd Thinq Ai,308999,ARS,N/A,N/A,new
MLA1728159296,Smart Tv LG 50 Pulgadas 50ur8750psa Uhd 4k Ai Thinq,789799,ARS,N/A,N/A,new
MLA1438269467,Smart Tv LG 75 Pulgadas 4k Uhd Ai Thinq 75ur9050psj,1949999,ARS,N/A,N/A,new
MLA1447907109,Televisor LG Oled Evo 55 4k Smart Tv Thinq Ai Oled55c3psa,3345099,ARS,N/A,N/A,new
MLA1425005139,"Smart Tv LG 50  4k Uhd 50uq801, Negro, Hdmi, Usb",767499,ARS,N/A,N/A,new
MLA2013272362,Smart Led Tv 50 LG 50ur8750psa Uhd 4k Ai Thinq Negro,633999,ARS,N/A,N/A,new
MLA1474861401,Smart Tv LG 32lq630bpsa Hd 32'' Thinq Ai,308999,ARS,N/A,N/A,new
MLA1971242776,Smart Tv LG 32 Pulgadas 32lq630bpsa Wifi Bluetooth Thinq Ai,338828,ARS,N/A,N/A,new
MLA1607918288,Televisor Smart Uhd 4k LG 50  Led 50ur8750psa 2023,1199999,ARS,N/A,N/A,new
