Item ID,Title,Price,Currency,Available Quantity,Description,Condition
MLA1439542483,Smart Tv De 55  Philco Predicta Predictatv5521 Con Pantalla Oled 4k,4810000.0,ARS,N/A,N/A,new
MLA2018234270,Smart Tv Philco Pld43fs24vh 43 Pulgadas Led Full Hd,499999,ARS,N/A,N/A,new
MLA2012148168,Tv Philco 40 40hs24a Vidaa Smart,369999,ARS,N/A,N/A,new
MLA1993804714,Smart Tv Philco Pld43hs2250pi Led Full Hd 43,498999,ARS,N/A,N/A,new
MLA1454365487,Smart Tv Led Philco Pld50us24ch 50  4k Hdr Android Tv,920799.0,ARS,N/A,N/A,new
MLA1417157685,Smart Tv De 50  Philco Pld50us9a1 Con Pantalla Led 4k,1259000,ARS,N/A,N/A,new
MLA1942626266,Smart Tv Philco 40 Pulgadas Led Hd Vidaa Pld40hs24,316801.08,ARS,N/A,N/A,new
MLA1481191553,Smart Tv Philco Pld32hs23ch Led Hd 32'' Android Tv Wi Fi Google Assistant Bluetooth,548999,ARS,N/A,N/A,new
MLA1482780867,Smart Tv De 32  Philco Pld32hs21ch Con Pantalla Led Hd,335000,ARS,N/A,N/A,new
MLA1522487214,Smart Tv Philco Pld50hs2250pi Led Hdr 4k 50 Pulgadas,749874.66,ARS,N/A,N/A,new
MLA1439219421,Tv Led Smart 32p Led Pld32hs24a Philco,460300,ARS,N/A,N/A,new
MLA1390475563,Televisor Smart Tv 55'' Philco Led 4k Brg Digital,912728.0,ARS,N/A,N/A,new
MLA2018247384,Smart Tv Philco Pld32hs24vh 32 Pulgadas Led Fhd Vidaa,399999,ARS,N/A,N/A,new
MLA2012440290,Smart Tv 40 Pulgadas Philco Hd Vidaa Pld40hs24 Color Negro,554799,ARS,N/A,N/A,new
MLA1943859926,Smart Tv Led Philco 40 Pulgadas Hd Vidaa Pld40hs24 Hdmi Usb,411999,ARS,N/A,N/A,new
MLA1462678205,Televisor Smart Tv Philco Pld50us24ch 50 PuLG Android 4k,920799.0,ARS,N/A,N/A,new
MLA1875381038,Tv Led Smart 32  Philco Pld32hs24a,537300,ARS,N/A,N/A,new
MLA1484492753,Smart Tv 50 Pulgadas Philco Pld50hs2250pi Led Hdr 4k,759000,ARS,N/A,N/A,new
MLA1481087571,Smart Tv 32  Philco Hd Pld32hs23ch Android Negro,487799,ARS,N/A,N/A,new
MLA1377548845,Smart Tv Philco Predicta 94predictatv5521 Oled 4k 55  220v,1599999,ARS,N/A,N/A,new
MLA2010329666,Smart Tv Philco 40 Pulgadas Led Hd Vidaa Pld40hs24 Netflix,629999.0,ARS,N/A,N/A,new
MLA1483587517,Smart Tv 32  Philco Hd Pld32hs23ch Android Negro,587499,ARS,N/A,N/A,new
MLA2012388236,Smart Tv 40 Pulgadas Philco Hd Vidaa Pld40hs24 Color Negro,379999,ARS,N/A,N/A,new
MLA1941266774,Tv Philco 50  50us24ch Smart 4k Android,908999,ARS,N/A,N/A,new
MLA1439294807,Tv Led Smart 32p Led Pld32hs24a Philco,537300,ARS,N/A,N/A,new
MLA2012544202,Smart Tv 40 Pulgadas Philco Hd Vidaa Pld40hs24 Color Negro,509199,ARS,N/A,N/A,new
MLA1460307091,Smart Tv 32  Philco Hd Pld32hs23ch Android Negro,487499,ARS,N/A,N/A,new
MLA1469708741,Smart Tv Philco 40 Pulgadas Led Hd Vidaa Pld40hs24,399999.0,ARS,N/A,N/A,new
MLA1471047469,Smart Tv Philco 40 Pulgadas Led Hd Vidaa Pld40hs24,379999,ARS,N/A,N/A,new
MLA1941253502,Tv Philco 50  50us24ch Smart 4k Android,860999,ARS,N/A,N/A,new
MLA2012544174,Smart Tv 40 Pulgadas Philco Hd Vidaa Pld40hs24 Color Negro,440799,ARS,N/A,N/A,new
MLA1483730109,Smart Tv 32  Philco Hd Pld32hs23ch Android Negro,508099,ARS,N/A,N/A,new
MLA1465391189,Tv Philco 50  Smart Android Pld50us24ch,854398.94,ARS,N/A,N/A,new
MLA2012440292,Smart Tv 40 Pulgadas Philco Hd Vidaa Pld40hs24 Color Negro,509199,ARS,N/A,N/A,new
MLA1471060155,Smart Tv Philco 40 Pulgadas Led Hd Vidaa Pld40hs24,509199,ARS,N/A,N/A,new
MLA1471073195,Smart Tv Philco 40 Pulgadas Led Hd Vidaa Pld40hs24,379999,ARS,N/A,N/A,new
MLA2012414448,Smart Tv 40 Pulgadas Philco Hd Vidaa Pld40hs24 Color Negro,474999,ARS,N/A,N/A,new
MLA1481139563,Smart Tv 32  Philco Hd Pld32hs23ch Android Negro,507999,ARS,N/A,N/A,new
MLA1951450734,Smart Tv Philco 40 Pulgadas Led Hd Vidaa Pld40hs24,837898.0,ARS,N/A,N/A,new
MLA1483678045,Smart Tv 32  Philco Hd Pld32hs23ch Android Negro,487799,ARS,N/A,N/A,new
MLA2012388222,Smart Tv 40 Pulgadas Philco Hd Vidaa Pld40hs24 Color Negro,440799,ARS,N/A,N/A,new
MLA2000765000,Smart Tv 32 Philco Hd Pld32hs23ch Android Negro,507499,ARS,N/A,N/A,new
MLA1471137825,Smart Tv Philco 40 Pulgadas Led Hd Vidaa Pld40hs24,474999,ARS,N/A,N/A,new
MLA2012570268,Smart Tv 40 Pulgadas Philco Hd Vidaa Pld40hs24 Color Negro,440799,ARS,N/A,N/A,new
MLA1468504511,Smart Tv Philco Pld40h 40  Led Hd Negro Vidaa,499999.99,ARS,N/A,N/A,new
MLA2034666892,Smart Tv 32 Philco Hd Pld32hs23ch Android Negro,584999,ARS,N/A,N/A,new
MLA2012492288,Smart Tv 40 Pulgadas Philco Hd Vidaa Pld40hs24 Color Negro,509199,ARS,N/A,N/A,new
MLA2012453152,Smart Tv 40 Pulgadas Philco Hd Vidaa Pld40hs24 Color Negro,379999,ARS,N/A,N/A,new
MLA1943940290,Smart Tv Led Philco 40puLG Hd Vidaa Pld40hs24 Hdmi Usb Cts,571999,ARS,N/A,N/A,new
MLA2034654004,Smart Tv 32 Philco Hd Pld32hs23ch Android Negro,527499,ARS,N/A,N/A,new
